uint32 SIZE,uint32 SF,uint32 BAD_WIDTH,uint32 CODE_RATE,uint64 TIMESTAMP,string PHY_PAYLOAD
28,7,125,5,1504779637,4009100126000105017AB59639F6
28,7,125,5,1504779699,40091001260002050198ED4B39A0
28,7,125,5,1504779762,400910012600030501EF76A1B2D5
28,7,125,5,1504779824,400910012600040501DC5BE75A6C
28,7,125,5,1504779949,400910012600060501814BBC1438
28,7,125,5,1504780073,4009100126000805013F3349CB9D
28,7,125,5,1504780135,400910012600090501979BD16713
28,7,125,5,1504780198,4009100126000A05018977E0C0BD
28,7,125,5,1504780322,4009100126000C0501C010E62239
28,7,125,5,1504780447,4009100126000E0501E1103AE582
28,7,125,5,1504780509,4009100126000F0501C84919AFD8
28,7,125,5,1504780571,4009100126001005016D8BA14F4D
28,7,125,5,1504780634,4009100126001105018F44101DD4
28,7,125,5,1504780696,400910012600120501FECE3B64FD
28,7,125,5,1504780883,4009100126001505014E2D8D9470
28,7,125,5,1504781132,400910012600190501E202E4855C
28,7,125,5,1504781194,4009100126201A0501B82069F534
28,7,125,5,1504781257,4009100126001B0501163BB3DDA3
28,7,125,5,1504781319,4009100126001C050103C76EC727
28,7,125,5,1504781381,4009100126001D050106E39E9F80
28,7,125,5,1504781506,4009100126001F050147D4AEA33E
28,7,125,5,1504781568,400910012600200501511C8FD372
28,7,125,5,1504781693,40091001260022050186477268A9
28,7,125,5,1504781817,400910012600240501823655160E
28,7,125,5,1504781880,400910012600250501771E6CEA95
28,7,125,5,1504782004,4009100126002705014AA6B56683
28,7,125,5,1504782067,400910012600280501C9F01C83E9
28,7,125,5,1504782129,40091001260029050106D4E690FA
28,7,125,5,1504782191,4009100126002A0501EA9DD8610E
28,7,125,5,1504782316,4009100126002C05018ED128DBEE
28,7,125,5,1504782378,4009100126002D0501BBE1B84CC8
28,7,125,5,1504782440,4009100126002E0501BA405D0DD1
28,7,125,5,1504782503,4009100126002F05011A73E9D1E6
28,7,125,5,1504782627,40091001260031050155F197E31B
28,7,125,5,1504782690,4009100126003205019492BECAF8
28,7,125,5,1504782752,400910012600330501360FAD0F52
28,7,125,5,1504782814,400910012600340501FCF3CAC348
28,7,125,5,1504782877,400910012600350501DB4D169FF4
28,7,125,5,1504783001,4009100126003705012B9C7E0033
28,7,125,5,1504783063,400910012600380501AA98378E35
28,7,125,5,1504783126,4009100126003905019194ACA06C
28,7,125,5,1504783188,4009100126003A050125FB5A5EBB
28,7,125,5,1504783250,4009100126003B050152C3F00984
28,7,125,5,1504783313,4009100126003C0501574B8C39E9
28,7,125,5,1504783375,4009100126003D05016090519127
28,7,125,5,1504783437,4009100126003E0501B3F33BF4F4
28,7,125,5,1504783562,400910012600400501DE0C14BD28
28,7,125,5,1504783624,400910012600410501EC512CD9BA
28,7,125,5,1504783686,400910012600420501C56F42FD89
28,7,125,5,1504783749,4009100126004305019D31D8DF6F
28,7,125,5,1504783811,4009100126004405012F817B1F81
28,7,125,5,1504783873,40091001260045050170BB845D06
28,7,125,5,1504783936,400910012600460501E50272ABB9
28,7,125,5,1504783998,40091001260047050122C7F1648A
28,7,125,5,1504784185,4009100126004A0501049731E194
28,7,125,5,1504784247,4009100126004B0501A341A21F02
28,7,125,5,1504784309,4009100126004C050127BFB6484D
28,7,125,5,1504784372,4009100126004D0501CE791A2236
28,7,125,5,1504784434,4009100126004E0501E3F13762C5
28,7,125,5,1504784496,4009100126004F05019770B1AA79
28,7,125,5,1504784559,400910012600500501099C5D994B
28,7,125,5,1504784621,4009100126005105017EF2D4B331
28,7,125,5,1504784683,400910012600520501E60D175F25
28,7,125,5,1504784745,400910012600530501C58A73770B
28,7,125,5,1504784808,4009100126005405016EC72316CB
28,7,125,5,1504784870,400910012600550501BEF56520A5
28,7,125,5,1504784932,400910012600560501ED7BE9CB6F
28,7,125,5,1504784995,40091001260057050199AD6289E7
28,7,125,5,1504785182,4009100126005A05018F9131096B
28,7,125,5,1504785244,4009100126005B0501E4B055FA27
28,7,125,5,1504785306,4009100126005C05017A52E0D1ED
28,7,125,5,1504785368,4009100126005D050137CE50D462
28,7,125,5,1504785431,4009100126005E0501C603FBE608
28,7,125,5,1504785493,4009100126005F050145A663B2FC
28,7,125,5,1504785618,40091001260061050134311E30DB
28,7,125,5,1504785742,400910012600630501857B625554
28,7,125,5,1504785804,4009100126006405015F9A05BC17
28,7,125,5,1504785929,4009100126006605017F4BF668D1
28,7,125,5,1504785991,4009100126006705018C88705C99
28,7,125,5,1504786054,40091001260068050125621AFB97
28,7,125,5,1504786116,4009100126006905019B5571B247
28,7,125,5,1504786365,4009100126006D0501A188832594
28,7,125,5,1504786490,4009100126006F0501FDEAF89B53
28,7,125,5,1504786552,400910012600700501FF210622C4
28,7,125,5,1504786614,400910012600710501B901B5146E
28,7,125,5,1504786739,400910012600730501976E73869D
28,7,125,5,1504786801,400910012600740501F448308A75
28,7,125,5,1504786864,4009100126007505016485D1A98D
28,7,125,5,1504786926,4009100126007605014F8B71C5BB
28,7,125,5,1504786988,4009100126007705012C7D9A93F8
28,7,125,5,1504787050,40091001260078050103DDDCAC9C
28,7,125,5,1504787175,4009100126007A0501ACD2EF010E
28,7,125,5,1504787237,4009100126007B0501D6A7046AAE
28,7,125,5,1504787300,4009100126007C05010E50816085
28,7,125,5,1504787362,4009100126007D0501887CC04EE6
28,7,125,5,1504787424,4009100126007E0501CD282C8B91
28,7,125,5,1504787549,400910012600800501935BE34CD4
28,7,125,5,1504787611,400910012600810501A7D594DE8C
28,7,125,5,1504787736,4009100126008305013E87BBF650
28,7,125,5,1504787798,400910012600840501E410666602
28,7,125,5,1504787923,4009100126008605014EDA100BA7
28,7,125,5,1504787985,4009100126008705012018333C96
28,7,125,5,1504788047,4009100126008805013F02960340
28,7,125,5,1504788172,4009100126008A05010A3DBF79AB
28,7,125,5,1504788296,4009100126008C050168845FDEA7
28,7,125,5,1504788359,4009100126008D0501A294E6AA16
28,7,125,5,1504788421,4009100126008E0501B2B06A5444
28,7,125,5,1504788483,4009100126008F0501676F40EC1C
28,7,125,5,1504788546,400910012600900501616205DC57
28,7,125,5,1504788608,4009100126009105019E8B627680
28,7,125,5,1504788670,4009100126009205013FABF23C94
28,7,125,5,1504788732,400910012600930501CA348CA234
28,7,125,5,1504788795,40091001260094050194AC01470A
28,7,125,5,1504788857,40091001260095050166C050A44D
28,7,125,5,1504788919,40091001260696050D09BF7AC93B
28,7,125,5,1504789044,400910012600980501AF8632360C
28,7,125,5,1504789106,40091001260099050141924773CF
28,7,125,5,1504789169,4009100126009A0501026E521A5F
28,7,125,5,1504789231,4009100126009B05012EE877DCE2
28,7,125,5,1504789355,4009100126009D0501F83EE48C3E
28,7,125,5,1504789418,4009100126009E0501BCA02A1301
28,7,125,5,1504789480,4009100126009F0501B17AFECE01
28,7,125,5,1504789542,400910012600A00501F9195FFC2D
28,7,125,5,1504789792,400910012600A405018EAC99B335
28,7,125,5,1504789916,400910012600A605014859BDA665
28,7,125,5,1504789978,400910012600A705015DDE5275CD
28,7,125,5,1504790041,400910012600A8050114B8920E2C
28,7,125,5,1504790103,400910012600A90501A460A66438
28,7,125,5,1504790165,400910012600AA05013316290201
28,7,125,5,1504790352,400910012600AD0501D04CE038A1
28,7,125,5,1504790415,400910012600AE0501456C14F9DA
28,7,125,5,1504790477,400910012600AF05018FD6905772
28,7,125,5,1504790539,400910012600B0050171A59E3044
28,7,125,5,1504790664,400910012600B205016882EB708F
28,7,125,5,1504790726,400910012600B30501DEA2F04FC2
28,7,125,5,1504790788,400910012600B405015E7371FC26
28,7,125,5,1504790851,400910012600B505017EFB0AE669
28,7,125,5,1504790913,400910012600B605016C5FAA0D92
28,7,125,5,1504790975,400910012600B70501BCCEED3A4B
28,7,125,5,1504791037,400910012600B80501BC269661CF
28,7,125,5,1504791100,400910012600B90501E741D2BD8C
28,7,125,5,1504791224,400910012600BB0501FFEB302929
28,7,125,5,1504791287,400910012600BC0501251735CC2A
28,7,125,5,1504791349,400910012600BD050161F8D275C1
28,7,125,5,1504791411,400910012600BE0501B98B20CCF3
28,7,125,5,1504791474,400910012600BF05015069666BA9
28,7,125,5,1504791536,400910012600C00501545C7EBA6F
28,7,125,5,1504791598,400910012600C10501D575220E0D
28,7,125,5,1504791660,400910012600C20501F580677789
28,7,125,5,1504791723,400910012600C305018C377FF2AD
28,7,125,5,1504791785,400910012600C405012DE156C35A
28,7,125,5,1504791847,400910012600C50501A69501C0FB
28,7,125,5,1504791910,400910012600C605018439E1EE04
28,7,125,5,1504791972,400910012600C70501CE98426C87
28,7,125,5,1504792097,400910012600C90501610C2DD540
28,7,125,5,1504792159,400910012600CA05010515E3DB84
28,7,125,5,1504792221,400910012600CB0501D1DEB341BB
28,7,125,5,1504792283,400910012600CC0501DC90FA772C
28,7,125,5,1504792408,400910012600CE0501116FA7A5BC
28,7,125,5,1504792470,400910012600CF05014B34A6D22E
28,7,125,5,1504792533,400910012600D005014B8DF0507C
28,7,125,5,1504792595,400910012600D10501692B0B59ED
28,7,125,5,1504792657,400910012600D20501B9425DDCD8
28,7,125,5,1504792720,400910012600D305016A082C3699
28,7,125,5,1504792844,400910012600D50501CA6CCA7158
28,7,125,5,1504792906,400910012600D60501ACA1347B7E
28,7,125,5,1504792969,400910012600D70501C49C51F511
28,7,125,5,1504793031,400910012600D80501105C1085B1
28,7,125,5,1504793218,400910012600DB050134EC7DA2DC
28,7,125,5,1504793280,400910012600DC05011DA57AF316
28,7,125,5,1504793342,400910012600DD050199F63FFCEF
28,7,125,5,1504793467,400910012600DF0501BC7E89749A
28,7,125,5,1504793529,400910012600E00501716C1C06E3
28,7,125,5,1504793592,400910012600E1050191A2660476
28,7,125,5,1504793654,400910012600E205016AB0EAAE48
28,7,125,5,1504793779,400910012600E40501B32E717945
28,7,125,5,1504793841,400910012600E50501022055CA76
28,7,125,5,1504793903,400910012600E60501B64CC6E445
28,7,125,5,1504794028,400910012600E80501EF54D557CE
28,7,125,5,1504794090,400910012600E90501EE0709C427
28,7,125,5,1504794277,400910012600EC0501AF1524B186
28,7,125,5,1504794402,400910012600EE050151C0557E2D
28,7,125,5,1504794464,400910012600EF050313815BB674
28,7,125,5,1504794526,400910012600F005015AD5B970F4
28,7,125,5,1504794588,400910012600F10501FD25189849
28,7,125,5,1504794651,400910012600F205012559381EE6
28,7,125,5,1504794713,400910012600F30501891B6854B3
28,7,125,5,1504794775,400910012600F40501FCA6CDAF05
28,7,125,5,1504794900,400910012600F60501693B0318CF
28,7,125,5,1504794962,400910012600F70501BB1D39569E
28,7,125,5,1504795025,400910012600F8050111420B3006
28,7,125,5,1504795149,400910012600FA0501A7BFCA4E4F
28,7,125,5,1504795211,400910012600FB050187BF42BC0E
28,7,125,5,1504795274,400910012600FC0501CCA210A219
28,7,125,5,1504795336,400910012600FD0501CA18E12F55
28,7,125,5,1504795461,400910012600FFC5C1D464318EA5
28,7,125,5,1504795523,400910012600000601114B6D3E5D
28,7,125,5,1504795710,4009100126000306012ACEC14CD0
28,7,125,5,1504795772,40091001260004060196127F40B9
28,7,125,5,1504795834,40091001260005060180C8B9569D
28,7,125,5,1504795897,4009100126000606019D3DC815B3
28,7,125,5,1504795959,4009100126000706014DBD21E7F0
28,7,125,5,1504796084,400910012600090601D5E575DD28
28,7,125,5,1504796146,4009100126000A0601307FA31BE6
28,7,125,5,1504796208,4009100126000B0601443069D7C6
28,7,125,5,1504796270,4009100126000C06014DBBC03B5D
28,7,125,5,1504796333,4009100126000D060143EE7D8216
28,7,125,5,1504796457,4009100126000F06012B6BD01ABE
28,7,125,5,1504796520,4009100126001006017C43BB4DBA
28,7,125,5,1504796582,4009100126001106019107787FB3
28,7,125,5,1504796644,40091001260012060185B7F608EC
28,7,125,5,1504796707,4009100126001306018AACA40E0F
28,7,125,5,1504796893,400910012600160601B2FB3EC2FF
28,7,125,5,1504797018,4009100126001806013E363FEA73
28,7,125,5,1504797080,4009100126001906015163BBC0B7
28,7,125,5,1504797143,4009100126001A06018686BA76BB
28,7,125,5,1504797205,4009100126001B060179D6C1FF22
28,7,125,5,1504797267,4009100126001C060139CF69F6FD
28,7,125,5,1504797330,4009100126001D0601E01B7D34E2
28,7,125,5,1504797392,4009100126001E0601D33F4C5F2F
28,7,125,5,1504797516,4009100126002006017A6875880B
28,7,125,5,1504797641,4009100126002206018E5B44EAB1
28,7,125,5,1504797703,4009100126002306013A250F7FC8
28,7,125,5,1504797766,40091001260024060142C4CD81A4
28,7,125,5,1504797953,400910012600270601F884DE4307
28,7,125,5,1504798015,400910012600280601A52DBC861B
28,7,125,5,1504798077,400910012600290601AA067FDCD6
28,7,125,5,1504798139,4009100126002A060169F5A84AF3
28,7,125,5,1504798202,4009100126002B0601A6456C1CDB
28,7,125,5,1504798326,4009100126002D0601FEE757B696
28,7,125,5,1504798389,4009100126002E0601B6B346FCE9
28,7,125,5,1504798451,4009100126002F06012EB77EDE7B
28,7,125,5,1504798575,400910012600310601EFD236A616
28,7,125,5,1504798700,400910012600330601C3BA96D8A2
28,7,125,5,1504798762,400910012600340601625A149B9B
28,7,125,5,1504799074,4009100126003906010A32EECD62
28,7,125,5,1504799136,4009100126003A060135166B2037
28,7,125,5,1504799198,4009100126003B06011017F9A642
28,7,125,5,1504799261,4009100126003C06018DACA772F0
28,7,125,5,1504799323,4009100126003D0601F36B492DBF
28,7,125,5,1504799385,4009100126003E0601EF52327342
28,7,125,5,1504799448,4009100126003F0601C9F17911CF
28,7,125,5,1504799510,400910012600400601CA04C33C97
28,7,125,5,1504799697,400910012600430601606E19EABC
28,7,125,5,1504799759,400910012600440601450B14E261
28,7,125,5,1504799884,400910012600460601F8215124F3
28,7,125,5,1504799946,400910012600470601311BC75DF9
28,7,125,5,1504800133,4009100126004A0601799E3719D6
28,7,125,5,1504800195,4009100126004B0601F52086E092
28,7,125,5,1504800258,4009100126004C060148891795A0
28,7,125,5,1504800320,4009100126004D0601DEA1D66967
28,7,125,5,1504800382,4009100126004E06013C9BFC1252
28,7,125,5,1504800444,4009100126004F060163AC2B36A1
28,7,125,5,1504800569,400910012600510601E2E798F4ED
28,7,125,5,1504800694,400910012600530601ED0CB550AD
28,7,125,5,1504800756,400910012600540601DCE3B1F0A8
28,7,125,5,1504800818,40091001260055060132104DBF2A
28,7,125,5,1504800880,4009100126005606018833A02658
28,7,125,5,1504800943,400910012600570601A9CE000A52
28,7,125,5,1504801005,400910012600580601D404C494BB
28,7,125,5,1504801130,4009100126005A0601F82B793589
28,7,125,5,1504801192,4009100126005B060115EDD7B25D
28,7,125,5,1504801254,4009100126005C0601D7EC5A1517
28,7,125,5,1504801753,4009100126006406011733CD504E
28,7,125,5,1504801815,400910012600650601431657CACC
28,7,125,5,1504801877,400910012600660601A732EBAF07
28,7,125,5,1504802002,400910012600686F9706A6802826
28,7,125,5,1504802126,4009100126006A0401E44306A701
28,7,125,5,1504802189,4009100126006B060108704E8916
28,7,125,5,1504802625,40091001260072060194E81A771E
28,7,125,5,1504802749,400910012600740601060C68FB9D
28,7,125,5,1504802812,400910012600750601DE70EE418D
28,7,125,5,1504802874,4009100126007606015AB2569865
28,7,125,5,1504802936,40091001260077060180A6EEECB8
28,7,125,5,1504803123,4009100126007A06017C407F949D
28,7,125,5,1504803435,4009100126007F06019502A80823
28,7,125,5,1504803497,400910012600800601D8C838DAB8
28,7,125,5,1504803746,400910012600840601F5F02EBCAE
28,7,125,5,1504803808,4009100126008506011F81C929D6
28,7,125,5,1504803871,40091001260086060112348516C2
28,7,125,5,1504803933,400910012600870601768796BB5C
28,7,125,5,1504804058,4009100126008906010B9FA3F05E
28,7,125,5,1504804120,4009100126008A06015FE5345025
28,7,125,5,1504804182,4009100126A0810601AEB42AD110
28,7,125,5,1504804369,4009100126008E06012427B5DBCF
28,7,125,5,1504804431,4009100126008F06017784D299FB
28,7,125,5,1504804930,400910012600970601510DB3E752
28,7,125,5,1504805054,400910012600990601E47C47AE0B
28,7,125,5,1504805241,4009100126009C06016942A47445
28,7,125,5,1504805304,4009100126009D0601ABD2B0C60A
28,7,125,5,1504805366,4009100126009E0601B84B527165
28,7,125,5,1504805428,4009100126009F06013246B47E05
28,7,125,5,1504805491,400910012600A0060126F9C30AF0
28,7,125,5,1504805553,400910012600A106014EEBE7AEF3
28,7,125,5,1504805615,400910012600A20601E9D08D41E8
28,7,125,5,1504805740,400910012600A40601613A6CABF6
28,7,125,5,1504805864,400910012600A606014D53B052E9
28,7,125,5,1504805989,400910012600A806018CD3E75A6C
28,7,125,5,1504806113,400910012600AA06016D785E0056
28,7,125,5,1504806238,400910012600AC06018E1793824F
28,7,125,5,1504806300,400910012600AD0601E62B2FEB56
28,7,125,5,1504806363,400910012600AE0601C8F80DD7FF
28,7,125,5,1504806425,400910012600AF0601B29E489965
28,7,125,5,1504806487,400910012600B00601906C049774
28,7,125,5,1504806550,400910012600B10601E6AE62D497
28,7,125,5,1504806612,400910012600B206014EB5731ACE
28,7,125,5,1504806674,400910012600B3060167DC9EB68E
28,7,125,5,1504806799,400910012600B506014376DAA0BA
28,7,125,5,1504806923,400910012600B7060149C828FAC3
28,7,125,5,1504807048,400910012600B9060108C3A21DA4
28,7,125,5,1504807110,400910012600BA0601BC63B236DD
28,7,125,5,1504807173,400910012600BB0601F87AFEFADB
28,7,125,5,1504807359,400910012600BE06018CE063738E
28,7,125,5,1504807422,400910012600BF0601DF4DE3C576
28,7,125,5,1504807484,400910012600C0060162761F0B0F
28,7,125,5,1504807671,400910012600C30601F42867FBF0
28,7,125,5,1504807733,400910012600C406016388115739
28,7,125,5,1504807796,400910012600C5060115C0E94BEF
28,7,125,5,1504807858,400910012600C60601FB725D8D6E
28,7,125,5,1504807982,400910012600C8060166551B89CF
28,7,125,5,1504808107,400910012600CA06014F7EB9E85C
28,7,125,5,1504808356,400910012600CE0601E61C33B214
28,7,125,5,1504808418,400910012600CF06014A4B615266
28,7,125,5,1504808481,400910012600D006012D4955A673
28,7,125,5,1504808543,400910012600D106016ED4B3EC49
28,7,125,5,1504808605,400910012600D2060129CDC4BEBC
28,7,125,5,1504808855,400910012600D606015A48A0C158
28,7,125,5,1504808979,400910012600D806011FD76C0CA6
28,7,125,5,1504809041,400910012600D906010AAC5A6507
28,7,125,5,1504809104,400910012600DA0601F2F6FAD4C9
28,7,125,5,1504809166,400910012600DB06015A025A8EEF
28,7,125,5,1504809228,400910012600DC06019ED05F9E31
28,7,125,5,1504809291,400910012600DD0601E285BECEE3
28,7,125,5,1504809353,400910012600DE0601538BADE471
28,7,125,5,1504809478,400910012600E00601C565C0399E
28,7,125,5,1504809602,400910012600E20601B043093A8C
28,7,125,5,1504809664,400910012600E3060123263FFBE8
28,7,125,5,1504809789,400910012600E50E0135EC779F3D
28,7,125,5,1504809851,400910012600E60601E631BFDE93
28,7,125,5,1504809914,400910012600E7060151ACB222B9
28,7,125,5,1504809976,400910012600E80601AF91DAE8A5
28,7,125,5,1504810163,400910012600EB060199AF3852B6
28,7,125,5,1504810287,400910012600ED060126DE655F8F
28,7,125,5,1504810350,400910012600EE06019657C5D264
28,7,125,5,1504810412,400910012600EF0601626B0F4BA0
28,7,125,5,1504810474,400910012600F00601FF9F0D703C
28,7,125,5,1504810599,400910012600F20601C15259F92B
28,7,125,5,1504810661,400910012600F3060176CEBF46F7
28,7,125,5,1504810723,400910012600F40601178AF0BAF8
28,7,125,5,1504810786,400910012600F50601E66754479E
28,7,125,5,1504810848,400910012600F60601600E55C4DF
28,7,125,5,1504811097,400910012600FA0601DBDC4D2258
28,7,125,5,1504811160,400910012600FB0601DF512D0400
28,7,125,5,1504811222,400910012600FC06018084FDECDE
28,7,125,5,1504811284,400910012600FD06017240349C47
28,7,125,5,1504811409,400910012600F706011A66B5357C
28,7,125,5,1504811471,400910012600000701BBFA9CACFF
28,7,125,5,1504811533,4009100126000107011E7E052599
28,7,125,5,1504811783,400910012600050701CA83C19478
28,7,125,5,1504811845,400910012600060701973FFA4F93
28,7,125,5,1504811907,40091001260007070193BD21CCDD
28,7,125,5,1504812032,4009100126000907016D7F3C7BC3
28,7,125,5,1504812094,4009100126000A0701487C698340
28,7,125,5,1504812343,4009100126000E0701780FD40F37
28,7,125,5,1504812779,400910012600150701EA05110608
28,7,125,5,1504812904,400910012600170701AD6D1422F8
28,7,125,5,1504812966,4009100126001807019EE8947153
28,7,125,5,1504813029,400910012600190701866C58E02D
28,7,125,5,1504813153,4009100126001B0701CE78D5E5DC
28,7,125,5,1504813278,4009100126001D07011838BB071F
28,7,125,5,1504813340,4009100126001E07017B3B4C4B11
28,7,125,5,1504813402,8C09100126001F070113882908EC
28,7,125,5,1504813465,4009100126002007012794D5FFC4
28,7,125,5,1504813527,400910012600210701F8410B6254
28,7,125,5,1504813589,40091001260022070150635EC4B2
28,7,125,5,1504813714,4009100126002407011B80D6FB52
28,7,125,5,1504813776,40091001260025070161572DE0C2
28,7,125,5,1504813838,400910012600260701DA9029BE07
28,7,125,5,1504813901,400910012600270701D678D26ED1
28,7,125,5,1504813963,400910012600280701BC532F8944
28,7,125,5,1504814025,40091001260029070100BE543ED4
28,7,125,5,1504814150,4009100126002B07017C12ED0D9F
28,7,125,5,1504814212,4009100126002C0701D297F03D5C
28,7,125,5,1504814461,40091001260030070198C88A153F
28,7,125,5,1504814586,4009100126003207012122F55E5D
28,7,125,5,1504814648,400910012600330701056806CE06
28,7,125,5,1504814835,400910012600360701BFDDC06540
28,7,125,5,1504814897,4009100126003707018EE4E7DBDF
28,7,125,5,1504814960,4009100126003807013751C2B8BC
28,7,125,5,1504815022,4009100126003907013417215AF6
28,7,125,5,1504815084,4009100126003A07013363E04EB3
28,7,125,5,1504815334,4009100126003E0701164CB1C081
28,7,125,5,1504815396,4009100126003F0701953C3C9300
28,7,125,5,1504815458,400910012600400701CE7D721E4D
28,7,125,5,1504815520,400910012600410701E2D353B1DD
28,7,125,5,1504815583,400910012600420701C31C7582D7
28,7,125,5,1504815645,400910012600430701AF80A519FA
28,7,125,5,1504815832,400910012600460701965ECD8CAA
28,7,125,5,1504815956,4009100126004807010FF0AB650C
28,7,125,5,1504816268,4009100126004D07015449A9359C
28,7,125,5,1504816330,4009100126004E07017AFDBCD41B
28,7,125,5,1504816455,4009100126005007012038C3CBA5
28,7,125,5,1504816517,400910012600510701D7540D3EA6
28,7,125,5,1504816579,400910012600520701E44776703A
28,7,125,5,1504816642,40091001260053070169DCB6B83B
28,7,125,5,1504816704,400910012600540701BE4ED54EB8
28,7,125,5,1504816829,40091001260056070147D2D17D8B
28,7,125,5,1504816953,400910012600580701FAD5BDCF63
28,7,125,5,1504817016,400910012600590701668A9EF86B
28,7,125,5,1504817078,4009100126005A0701E8E8AE3409
28,7,125,5,1504817140,4009100126005B0701BBE02A8391
28,7,125,5,1504817202,4009100126005C07018F393C9D10
28,7,125,5,1504817327,4009100126005E07018AF2A85C32
28,7,125,5,1504817389,4009100126005F0701AD433BAF52
28,7,125,5,1504817452,400910012600600701A8D5B6AD66
28,7,125,5,1504817514,400910012600610701C70216BDDC
28,7,125,5,1504817576,40091001260062070148F68CE804
28,7,125,5,1504817701,400910012600640701376D1A43BA
28,7,125,5,1504817825,400910012600660701482F117C7D
28,7,125,5,1504817888,400910012600670701880AD17CCD
28,7,125,5,1504817950,4009100126006807014752CA6530
28,7,125,5,1504818012,400910012600690701E6831F30E8
28,7,125,5,1504818075,4009100126006A07011E41CDE7AD
28,7,125,5,1504818137,4009100126006B070131F418C345
28,7,125,5,1504818199,4009100126006C07011316052C99
28,7,125,5,1504818261,4009100126006D070192D6465FD9
28,7,125,5,1504818324,4009100126006E0701F04DD97626
28,7,125,5,1504818448,40091001260070070152600588D8
28,7,125,5,1504818511,400910012600710701133EBBE60E
28,7,125,5,1504818573,40091001260072070171455486F8
28,7,125,5,1504818698,400910012600740701B6FB129F0B
28,7,125,5,1504818822,400910012600760701ABDD5C0C49
28,7,125,5,1504818947,400910012600780701E3C69C277A
28,7,125,5,1504819009,400910012600790701C8EE8294A1
28,7,125,5,1504819071,4009100126007A07017967E90652
28,7,125,5,1504819134,4009100126007B07014099CB8F79
28,7,125,5,1504819196,4009100126007C070188BE798268
28,7,125,5,1504819383,4009100126007F070186D5F2F865
28,7,125,5,1504819445,400910012600800701042D38845B
28,7,125,5,1504819507,4009100126008107010FCFB6A8FE
28,7,125,5,1504819570,40091001268C8237013082644EE6
28,7,125,5,1504819632,4009100126008307015F5E84D886
28,7,125,5,1504819694,40091001260084070110E84F1A72
28,7,125,5,1504819757,4009100126008507014A9A69E401
28,7,125,5,1504819819,4009100126008607017911F0A61E
28,7,125,5,1504820006,400910012600890701A3C2016AAE
28,7,125,5,1504820068,4009100126018A070147ED27A989
28,7,125,5,1504820130,4009100126008B07016011C042D7
28,7,125,5,1504820193,4009100126008C0701908B71E9F8
28,7,125,5,1504820317,4009100126008E070129318A7F35
28,7,125,5,1504820442,4009100126009007010270890FC0
28,7,125,5,1504820504,40091001260091070110CF6EACE1
28,7,125,5,1504820567,40091001260C9207A1AC65E24065
28,7,125,5,1504820691,4009100126009407018334C8F1FB
28,7,125,5,1504820753,400910012600958F0F16494622BB
28,7,125,5,1504820816,4009100126009607013DEE322C85
28,7,125,5,1504820878,400910012600970701CD2188EE92
28,7,125,5,1504820940,4009100126009807015FD661D1D4
28,7,125,5,1504821065,4009100126009A070167ED77BDEB
28,7,125,5,1504821252,4009100126009D0701A772A74B2B
28,7,125,5,1504821376,4009100126009F07011DCDCF3420
28,7,125,5,1504821501,400910012600A107014D162B0725
28,7,125,5,1504821563,400910012600A207013ACF20FB37
28,7,125,5,1504821626,400910012608A307013B032B42DE
28,7,125,5,1504821875,400910012600A70701BEC35372A6
28,7,125,5,1504821999,400910012600A90701C60C2C65D9
28,7,125,5,1504822124,400910012600AB07011280FE475E
28,7,125,5,1504822186,400910012600AC0701E58DFC6542
28,7,125,5,1504822311,400910012600AE070143A4C95748
28,7,125,5,1504822373,400910012600AF07011192B3CDAF
28,7,125,5,1504822435,400910012600B007011B6C3080FF
28,7,125,5,1504822498,400910012600B1070104AD789BE9
28,7,125,5,1504822560,400910012600B20701C7200B19E7
28,7,125,5,1504822747,400910012600B50701ED8C04AE5A
28,7,125,5,1504822809,400910012600B60701643AE6B16F
28,7,125,5,1504822872,400910012600B70503AEB91A12E9
28,7,125,5,1504823245,400910012600BD06C1F5C13F14E1
28,7,125,5,1504823308,400910012600BE0711D7B9BC09F9
28,7,125,5,1504823370,400910012600BF07014F679FF31C
28,7,125,5,1504823432,400910012600C001674CB852C428
28,7,125,5,1504823494,400910012600C10701F880D74005
28,7,125,5,1504823681,400910012600C407018A0129344E
28,7,125,5,1504823744,400910012600C50701416E7F41B5
28,7,125,5,1504823868,400910012600C707016707E6F1F7
28,7,125,5,1504823931,400910012600C8070140B2573F1F
28,7,125,5,1504824055,400910012600CA07014A3BF01844
28,7,125,5,1504824180,400910012600CC0701EE6911FDAF
28,7,125,5,1504824242,400910012600CD070162F8BC8DCD
28,7,125,5,1504824367,400910012600CF07010E18384500
28,7,125,5,1504824491,400910012600D10701E315D00E22
28,7,125,5,1504824554,400910012600D207015F41766F7F
28,7,125,5,1504824678,400910012600D407018E167D6DBE
28,7,125,5,1504824740,400910012600D50701CBDE87842A
28,7,125,5,1504824927,400910012600D807012B26BAFE77
28,7,125,5,1504824990,400910012600D90701A5569794FD
28,7,125,5,1504825114,400910012600DB070161D3AB1D86
28,7,125,5,1504825177,400910012600DC07019BC4BE294B
28,7,125,5,1504825239,400910012600DD07013C70A17F06
28,7,125,5,1504825301,400910012600DE0701E4007FFC20
28,7,125,5,1504825488,400910012600E1070145F354D94F
28,7,125,5,1504825613,400910012600E30701C5FC193B50
28,7,125,5,1504825675,400910012600E40701512EAF80B4
28,7,125,5,1504825862,400910012600E707014DC97403E5
28,7,125,5,1504826173,400910012600EC07012E40F2FCA6
28,7,125,5,1504826236,400910012600ED0701CBB01349EF
28,7,125,5,1504826298,400910012600EE070198AF2FF530
28,7,125,5,1504826360,400910012600EF0701109E11BEBA
28,7,125,5,1504826422,400910012600F00701EC19AFECA0
28,7,125,5,1504826485,400910012600F107012505D1B559
28,7,125,5,1504826547,400910012600F20701396C031E6E
28,7,125,5,1504826672,400910012600F407019E59B3C963
28,7,125,5,1504826734,400910012600F50701F87197FD20
28,7,125,5,1504826796,400910012600F607016EE22DFABF
28,7,125,5,1504826859,400910012600F707011AD058B5BA
28,7,125,5,1504826921,400910012600F80701B0229F0BB5
28,7,125,5,1504827045,400910012600FA0701E74E2C64BC
28,7,125,5,1504827108,400910012600FB0701948CDF3253
28,7,125,5,1504827170,400910012600FC0701DF59050FE7
28,7,125,5,1504827295,400910012600FE0701A0AE63E5B2
28,7,125,5,1504827357,400910012600FF0701DE33417C24
28,7,125,5,1504827419,400910012600000801735FA4A1D5
28,7,125,5,1504827482,400910012600010801D05322C60C
28,7,125,5,1504827544,400910012600020801489FD284B4
28,7,125,5,1504827606,4009100126000308019A1434B0BF
28,7,125,5,1504827731,400910012600050801A4399DFF09
28,7,125,5,1504827855,400910012600070801C600AA0220
28,7,125,5,1504828042,4009100126000A0801F7CE036EA1
28,7,125,5,1504828167,4009100126000C080151BB009CEB
28,7,125,5,1504828229,4009100126000D08016F1CA45915
28,7,125,5,1504828354,4009100126000F0801E0429C5362
28,7,125,5,1504828416,4009100126001008014720BEC1CD
28,7,125,5,1504828541,4009100126001208018AB9C0B325
28,7,125,5,1504828603,40091001260013080111033CC7FC
28,7,125,5,1504828727,400910012600150801C57FAE9411
28,7,125,5,1504828790,400910012600160801EAE5EA3E05
28,7,125,5,1504828852,40091001260017080190887CD321
28,7,125,5,1504829039,4009100126001A0801BD851B1FB4
28,7,125,5,1504829101,4009100126001B0801CE4DF56476
28,7,125,5,1504829164,4009100126001C0801BD29BAE51C
28,7,125,5,1504829226,4009100126001D080159410DB6D2
28,7,125,5,1504829288,4009100126001E0801AD15B0CEEC
28,7,125,5,1504829350,4009100126001F080124FB8236F0
28,7,125,5,1504829413,400910012600200801D0E56BADAB
28,7,125,5,1504829475,400910012600210801B0D56615B9
28,7,125,5,1504829537,4009100126002208014660832F5C
28,7,125,5,1504829600,40091001260023080138AB6D37B9
28,7,125,5,1504829724,4009100126002508015289D543B1
28,7,125,5,1504829849,400910012600270801D1B737970A
28,7,125,5,1504829911,4009100126002808015073952B3C
28,7,125,5,1504829973,400910012600290801A84E8236D8
28,7,125,5,1504830036,4009100126002A08012725865AA4
28,7,125,5,1504830098,4009100126002B0801F21718CB69
28,7,125,5,1504830160,4009100126002C080190A00C33A3
28,7,125,5,1504830285,4009100126002E0801C9DCBC514B
28,7,125,5,1504830347,4009100126002F08017FA5E49F1B
28,7,125,5,1504830410,400910012600300801A2130057F5
28,7,125,5,1504830472,4009100126003108016F37AAF928
28,7,125,5,1504830534,40091001260032080147CF5DD64B
28,7,125,5,1504830596,4009100126003308019F234E2BBF
28,7,125,5,1504830721,400910012600350801566F286BA4
28,7,125,5,1504830846,400910012600370801E615CDDD7B
28,7,125,5,1504830908,4009100126003808014E132E2723
28,7,125,5,1504831032,4009100126003A08016311326819
28,7,125,5,1504831095,4009100126003B0801093FEFCE7E
28,7,125,5,1504831157,4009100126003C080175FD9F7544
28,7,125,5,1504831219,4009100126003D0801CD407A1783
28,7,125,5,1504831282,4009100126003E08017DEE375071
28,7,125,5,1504831344,4009100126003F08010F589FE5C8
28,7,125,5,1504831406,400910012600400801EA5E64B0F6
28,7,125,5,1504831469,4009100126004108016E6186036C
28,7,125,5,1504831531,400910012600420801F539CB4B43
28,7,125,5,1504831593,4009100126004308014BB1C8750B
28,7,125,5,1504831655,40091001260044080156C1787972
28,7,125,5,1504831718,400910012600450801E33F5F8540
28,7,125,5,1504831780,400910012600460801A5766E84AD
28,7,125,5,1504831842,40091001260047080176BD46E821
28,7,125,5,1504831967,4009100126004908012CBEC75695
28,7,125,5,1504832029,4009100126004A0801D1A0C9C4E1
28,7,125,5,1504832154,4009100126004C0801FC6DFF93DA
28,7,125,5,1504832403,4009100126005008011FB3616FC8
28,7,125,5,1504832465,4009100126005108012FA0D64A7A
28,7,125,5,1504832652,400910012600540801B5B21B0104
28,7,125,5,1504832715,4009100126005508011E19F8B500
28,7,125,5,1504832777,400910012600560801538D610D2B
28,7,125,5,1504832901,400910012600580801E4E64703F8
28,7,125,5,1504833026,4009100126005A0801B604475379
28,7,125,5,1504833151,4009100126005C0801127D6EC7E2
28,7,125,5,1504833213,4009100126005D0801150AF79B72
28,7,125,5,1504833275,4009100126005E080124920D927B
28,7,125,5,1504833337,4009100126005F0801CE3D4DD432
28,7,125,5,1504833400,4009100126006008010EC8E5D9A6
28,7,125,5,1504833462,4009100126006108014EF0540560
28,7,125,5,1504833649,400910012600640801439B31ED63
28,7,125,5,1504833711,400910012600650801B2DD585E86
28,7,125,5,1504833836,4009100126006708017020A0BCE2
28,7,125,5,1504833960,400910012600690801C9EFFE8497
28,7,125,5,1504834023,4009100126006A080170FEAE5579
28,7,125,5,1504834085,4009100126006B08012D392C39EA
28,7,125,5,1504834147,4009100126006C0801A2A2CFCC52
28,7,125,5,1504834210,4009100126006D08019FEFD88CF3
28,7,125,5,1504834272,4009100126006E0801AEFC62CECB
28,7,125,5,1504834397,400910012600700801C697369967
28,7,125,5,1504834459,40091001260071080105F8F2DF45
28,7,125,5,1504834521,400910012600720801D9974A0DF4
28,7,125,5,1504834583,4009100126007308014E50C19D8B
28,7,125,5,1504834646,40091001260074080110AA1F0A7B
28,7,125,5,1504834708,4009100126007508011BF16C3DC0
28,7,125,5,1504834770,4009100126007608018E1B08E81B
28,7,125,5,1504834895,4009100126007808011F9E9B4918
28,7,125,5,1504834957,400910012600790801DD2B74FBC2
28,7,125,5,1504835020,4009100126007A0801A7065C53E2
28,7,125,5,1504835082,4009100126007B08012D454DBB2E
28,7,125,5,1504835206,4009100126007D0801D926929683
28,7,125,5,1504835269,4009100126007E08014150D620D8
28,7,125,5,1504835331,4009100126007F0801C3D2634AAF
28,7,125,5,1504835456,40091001260081080125AE3A25CB
28,7,125,5,1504835518,400910012600820801C382612929
28,7,125,5,1504835580,400910012600830801AA6BDCB77E
28,7,125,5,1504835643,400910012600840801AFD494ABC5
28,7,125,5,1504835705,400910012600850801F1CCB66893
28,7,125,5,1504835767,400910012600860801796D8BD3A1
28,7,125,5,1504835829,4009100126008708012DD0242BF9
28,7,125,5,1504835954,40091001260089080175CF9263CF
28,7,125,5,1504836016,4009100126008A0801B9CCAF15F0
28,7,125,5,1504836079,4009100126008B0801CA33086B04
28,7,125,5,1504836141,4009100126008C0801784578E820
28,7,125,5,1504836203,4009100126008D080165B3E60B31
28,7,125,5,1504836328,4009100126008F0801A8893576A5
28,7,125,5,1504836390,40091001260090080182F05E2C39
28,7,125,5,1504836452,400910012600910801D94E06DFE0
28,7,125,5,1504836639,400910012600940801EA4F512395
28,7,125,5,1504837013,4009100126009A080132177C08F1
28,7,125,5,1504837075,4009100126009B0801B892D9F72C
28,7,125,5,1504837200,4009100126009D08011D83F44A59
28,7,125,5,1504837262,4009100126009E0801DC3406E0FE
28,7,125,5,1504837325,4009100126009F0801796DEDD57A
28,7,125,5,1504837449,400910012600A10801BCC360BD75
28,7,125,5,1504837574,400910012600A30801F55937D96C
28,7,125,5,1504837636,400910012600A408011E8C0FE3BC
28,7,125,5,1504837761,400910012600A60801CF14565FC1
28,7,125,5,1504837885,400910012600A80801B6BD22A439
28,7,125,5,1504838010,400910012600AA0801C14A5F54D2
28,7,125,5,1504838072,400910012600AB0801E8AD2D1101
28,7,125,5,1504838134,400910012600AC0801CA8CBB48EE
28,7,125,5,1504838197,400910012600AD080173A6CC11CF
28,7,125,5,1504838259,400910012600AE08013837A4E443
28,7,125,5,1504838321,400910012600AF08016E8DA82FCF
28,7,125,5,1504838384,400910012600B0080171FE59DDBE
28,7,125,5,1504838446,400910012600B1080186C2C433C4
28,7,125,5,1504838508,400910012600B208016F59F4C79B
28,7,125,5,1504838570,400910012600B30801D12EDF2865
28,7,125,5,1504838633,400910012600B40801363A153DB6
28,7,125,5,1504838695,400910012600B5080110A6029C43
28,7,125,5,1504838757,400910012600B60801E99A73D0D2
28,7,125,5,1504838820,400910012600B7080134F8CB6E83
28,7,125,5,1504838882,400910012600B808019E879218EE
28,7,125,5,1504839007,400910012600BA08015740DBB7E4
28,7,125,5,1504839069,400910012600BB08014D7DEC5D60
28,7,125,5,1504839131,400910012600BC0801ADBAF8531E
28,7,125,5,1504839193,400910012600BD0801B040060B3F
28,7,125,5,1504839256,400910012600BE0801CC773A4895
28,7,125,5,1504839318,400910012600BF080144C9106564
28,7,125,5,1504839380,400910012600C00801F9ED6487E4
28,7,125,5,1504839505,400910012600C20801EB32F39E50
28,7,125,5,1504839567,400910012600C30801D1BCCA232B
28,7,125,5,1504839630,400910012600C40801784C3D6459
28,7,125,5,1504839692,400910012600C50801CBE537A86E
28,7,125,5,1504839754,400910012600C60801F993410577
28,7,125,5,1504839816,400910012600C70801A9CE844DEE
28,7,125,5,1504839879,400910012600C808012C037F6898
28,7,125,5,1504840003,400910012600CA08019666ACC49B
28,7,125,5,1504840066,400910012600CB0801B899EA225D
28,7,125,5,1504840128,400910012600CC080141F0B7C8C8
28,7,125,5,1504840190,400910012600CD0801667E229BD8
28,7,125,5,1504840253,400910012600CE0801099FAFFDCE
28,7,125,5,1504840315,400910012600CF0801C25FF61B33
28,7,125,5,1504840377,400910012600D00801D96A8CE172
28,7,125,5,1504840564,400910012600D3080123799848CF
28,7,125,5,1504840626,400910012600D408011DAC88AACF
28,7,125,5,1504840689,400910012600D50801DD87FCEB34
28,7,125,5,1504840751,400910012600D60801F5A6BA9764
28,7,125,5,1504840876,400910012600D80801AA74F94A45
28,7,125,5,1504840938,400910012600D9080124AA6B1201
28,7,125,5,1504841062,400910012600DB0801AC83279DD5
28,7,125,5,1504841125,400910012600DC080164392E0BB1
28,7,125,5,1504841187,400910012600DD0801B43234F2CA
28,7,125,5,1504841249,400910012600DE080176A09F0E89
28,7,125,5,1504841312,400910012600DF0801BBC5A01CA0
28,7,125,5,1504841374,400910012600E00801932F05FB02
28,7,125,5,1504841436,400910012600E10801AC963C36E7
28,7,125,5,1504841498,400910012600E2080187ABD360A7
28,7,125,5,1504841685,400910012600E508018F51140970
28,7,125,5,1504841748,400910012600E60801B334AB21F5
28,7,125,5,1504841810,400910012600E708012EDA706A41
28,7,125,5,1504841935,400910012600E908014371BBCDE6
28,7,125,5,1504841997,400910012600EA0801D87D588719
28,7,125,5,1504842059,400910012600EB0801AF5A3B7C2E
28,7,125,5,1504842121,400910012600EC0801CD528E5DC5
28,7,125,5,1504842184,400910012600ED08015E1907C7E7
28,7,125,5,1504842308,400910012600EF080151212BA10A
28,7,125,5,1504842371,400910012600F00801AEC5E1E777
28,7,125,5,1504842433,400910012600F10801D8A276E69E
28,7,125,5,1504842495,400910012600F20801029C57CFDE
28,7,125,5,1504842558,400910012600F308018E20592EB4
28,7,125,5,1504842620,400910012600F40801A3B5D685B9
28,7,125,5,1504842682,400910012600F508018C43C763A8
28,7,125,5,1504842744,400910012600F60801ABA3E9898B
28,7,125,5,1504842869,400910012600F80801A16BA17E91
28,7,125,5,1504842931,400910012600F90801382833EF32
28,7,125,5,1504842994,400910012600FA08013FEFC897AF
28,7,125,5,1504843056,400910012600FB0801A577F8E495
28,7,125,5,1504843118,400910012600FC0801CDC117BA97
28,7,125,5,1504843181,400910012600FD0801A29ACCD16B
28,7,125,5,1504843305,400910012600FF080142E713C910
28,7,125,5,1504843367,4009100126000009015C9E0DA19B
28,7,125,5,1504843430,400910012600010901EC46B0542F
28,7,125,5,1504843492,400910012600020901CFE5899485
28,7,125,5,1504843617,40091001260004090102C33280CC
28,7,125,5,1504843679,40091001260005090185B017DDF5
28,7,125,5,1504843741,4009100126000609017FE25FF869
28,7,125,5,1504843803,400910012600070901027534A4EA
28,7,125,5,1504843928,4009100126000909010D2D3A825A
28,7,125,5,1504843990,4009100126000A090145FC77F87A
28,7,125,5,1504844053,4009100126000B0901B7CBC7507B
28,7,125,5,1504844115,4009100126000C0901927EE9E52D
28,7,125,5,1504844177,4009100126000D09017A3863190C
28,7,125,5,1504844240,4009100126000E090136FD34483E
28,7,125,5,1504844302,4009100126000F0901C68D9ED5FF
28,7,125,5,1504844364,400910012600100901A3CD22CB85
28,7,125,5,1504844426,4009100126001109012A822B97B6
28,7,125,5,1504844489,400910012600120901E228D37989
28,7,125,5,1504844551,40091001260013090135FA0D9E37
28,7,125,5,1504844613,400910012600140901DB75118A07
28,7,125,5,1504844676,400910012600150901A799AE73CA
28,7,125,5,1504844738,400910012600160901EA4736E758
28,7,125,5,1504844800,400910012600170901FE241E09D7
28,7,125,5,1504844863,4009100126001809012626DD7C42
28,7,125,5,1504844925,400910012600190901B93055CC43
28,7,125,5,1504844987,4009100126001A0901E26CB0309A
28,7,125,5,1504845049,4009100126001B0901F80A70DCA6
28,7,125,5,1504845112,4009100126001C0901B8E26EDE85
28,7,125,5,1504845174,4009100126001D09011E164B12C9
28,7,125,5,1504845299,4009100126001F09010F8E34E5EB
28,7,125,5,1504845361,4009100126002009013077AF336A
28,7,125,5,1504845423,400910012600210901B101EBD0D8
28,7,125,5,1504845486,4009100126002209015C74935F36
28,7,125,5,1504845548,4009100126002309013B0F4F4BA6
28,7,125,5,1504845672,400910012600250901D8D5F436EB
28,7,125,5,1504845735,400910012600260901D1D8CA8EB6
28,7,125,5,1504845797,40091001260027090152C6B81312
28,7,125,5,1504845984,4009100126002A0901AB80E4BDF1
28,7,125,5,1504846108,4009100126002C0901EDB469365B
28,7,125,5,1504846233,4009100126002E09018BDBDC094D
28,7,125,5,1504846358,4009100126003009019D3C53A9BD
28,7,125,5,1504846482,400910012600320901B755C935BA
28,7,125,5,1504846545,400910012600330901087F55A74A
28,7,125,5,1504846731,400910012600360901F414AB455F
28,7,125,5,1504846794,400910012600370901F8873B3309
28,7,125,5,1504846856,40091001260038090170297AAACF
28,7,125,5,1504846918,4009100126003909018F18DA2427
28,7,125,5,1504846981,4009100126003A090185C5120231
28,7,125,5,1504847043,4009100126003B0901F00EDC6DD5
28,7,125,5,1504847168,4009100126003D0901AECB9999A5
28,7,125,5,1504847230,4009100126003E0901952ED2FE18
28,7,125,5,1504847292,4009100126003F090156AE300122
28,7,125,5,1504847541,4009100126004309014BB517C2C7
28,7,125,5,1504847604,4009100126004409015DE024AC1F
28,7,125,5,1504847666,4009100126004509018EB493A7F6
28,7,125,5,1504847728,4009100126004609014AD40CE966
28,7,125,5,1504847791,4009100126004709015283D7C263
28,7,125,5,1504847853,400910012600480901396739B8DE
28,7,125,5,1504847915,4009100126004909017A1783D478
28,7,125,5,1504847977,4009100126004A09015A21F922C1
28,7,125,5,1504848040,4009100126004B090100D84930BA
28,7,125,5,1504848102,4009100126004C0901FB7904D401
28,7,125,5,1504848164,4009100126004D0901B315D1442E
28,7,125,5,1504848227,4009100126004E09014DF154F87E
28,7,125,5,1504848289,4009100126004F090129FF84C758
28,7,125,5,1504848351,40091001260050090172BA0AAFB8
28,7,125,5,1504848538,400910012600530901D078215F6D
28,7,125,5,1504848663,40091001260055090165E11C1DDA
28,7,125,5,1504848850,400910012600580901470B082FAB
28,7,125,5,1504848912,4009100126005909017D45858B35
28,7,125,5,1504849036,4009100126005B09013905F2C380
28,7,125,5,1504849099,4009100126005C090167E9F8A866
28,7,125,5,1504849161,4009100126005D09016B636FC16E
28,7,125,5,1504849286,4009100126005F0901FB280AE2C2
28,7,125,5,1504849348,400910012600600901164755D32C
28,7,125,5,1504849473,400910012600620901ABC7FEEC51
28,7,125,5,1504849535,4009100126006309010C51749AC8
28,7,125,5,1504849597,400910012600640901B520D7965E
28,7,125,5,1504849659,4009100126006509010046136B5A
28,7,125,5,1504849784,400910012600670901892F4CB7FD
28,7,125,5,1504849846,4009100126006809019E6F11AF48
28,7,125,5,1504849909,4009100126006909011C74BF0C2D
28,7,125,5,1504850096,4009100126006C090114D017F4AA
28,7,125,5,1504850158,4009100126006D0901B0884A5B22
28,7,125,5,1504850345,4009100126007009012BD7348DFC
28,7,125,5,1504850532,4009100126007309011B270A00B6
28,7,125,5,1504850781,4009100126007709016FDE24642D
28,7,125,5,1504851030,4009100126007B0901E04E11BFC1
28,7,125,5,1504851092,4009100126007C090114EFF673EE
28,7,125,5,1504851155,4009100126007D090105802F73B1
28,7,125,5,1504851217,4009100126007E09014D304CAE39
28,7,125,5,1504851341,400910012600800901B61E942B9E
28,7,125,5,1504851404,400910012600810901F4942764B3
28,7,125,5,1504851466,400910012600820901EFFE7B4B78
28,7,125,5,1504851528,4009100126008309010213689C5A
28,7,125,5,1504851591,4009100126008409011C3B83F9AE
28,7,125,5,1504851653,400910012600850901866FE5EF54
28,7,125,5,1504851778,4009100126008709010FE5499AFA
28,7,125,5,1504851902,4009100126008909011B15EC9087
28,7,125,5,1504851964,4009100126008A0901557A232FA5
28,7,125,5,1504852089,4009100126008C090132EAAA4240
28,7,125,5,1504852151,4009100126008D09015F61A0C931
28,7,125,5,1504852338,400910012600900901FDADFE5650
28,7,125,5,1504852401,4009100126009109019604E41FDC
28,7,125,5,1504852463,400910012600920901B6C8465270
28,7,125,5,1504852525,40091001260093090180BAF1E9E4
28,7,125,5,1504852650,400910012600950901DFE3C6DEA4
28,7,125,5,1504852712,40091001260096090112090CDA46
28,7,125,5,1504853024,400910012602B9090105F6B7AAA9
28,7,125,5,1504853086,4009100126009C090105788E6BF6
28,7,125,5,1504853148,4009100126009D0901CEB708170F
28,7,125,5,1504853210,4009100126009E0901397C9954EE
28,7,125,5,1504853335,400910012600A00901729F99E0A0
28,7,125,5,1504853522,400910012600A3090199434715BC
28,7,125,5,1504853647,400910012600A569070C5402D588
28,7,125,5,1504853771,400910012600A709018E37B1EFCF
28,7,125,5,1504853833,400910012600A80901FBFF6CB963
28,7,125,5,1504853896,400910012600A90901FD436D6A8C
28,7,125,5,1504853958,400910012600AA09015EDAF839C2
28,7,125,5,1504854083,400910012600AC09012EA9CD026B
28,7,125,5,1504854145,400910012600AD0C011595620323
28,7,125,5,1504854207,400910012600AE09011DC3AF76BB
28,7,125,5,1504854332,400910012600B00901013D034310
28,7,125,5,1504854456,400910012600B20901DBEE992049
28,7,125,5,1504854519,400910012600B30901F6DE7C7065
28,7,125,5,1504854706,400910012600B60901B4579911DC
28,7,125,5,1504854768,400910012600B70901BA5FACD09B
28,7,125,5,1504854892,400910012600B909014979A4BAC4
28,7,125,5,1504854955,400910012600BA090169A512DF11
28,7,125,5,1504855142,400910012600BD0901BD159FC03E
28,7,125,5,1504855204,400910012600BE0901F0BB2182FD
28,7,125,5,1504855329,400910012600C00901784C2052EF
28,7,125,5,1504855391,400910012600C10901201F619F6F
28,7,125,5,1504855453,400910012605C70901914E35987E
28,7,125,5,1504855578,400910012600C40901298ED5A4A1
28,7,125,5,1504855765,400910012600C70901CB37D51A89
28,7,125,5,1504856014,400910012600CB090106C7BF281B
28,7,125,5,1504856076,400910012600CC0901EF96EC7C13
28,7,125,5,1504856263,400910012600CF09012A8FEDB6C6
28,7,125,5,1504856388,400910012600D10901DF7069B2B3
28,7,125,5,1504856761,400910012600D709010ECCE8DBFF
28,7,125,5,1504856886,400910012600D90901F6F7F8D5FF
28,7,125,5,1504856948,400910012600DA090198D0611BE2
28,7,125,5,1504857073,400910012600DC0901882DB1DE72
28,7,125,5,1504857135,400910012600DD09015D5E68B718
28,7,125,5,1504857322,400910012600E009010D0B09CE55
28,7,125,5,1504857447,400910012600223931B748DC93C2
28,7,125,5,1504857571,400910012600E42B29C6CECFB38B
28,7,125,5,1504857634,400910012600E59031D287BA1547
28,7,125,5,1504857820,400910012600E809010257DDF535
28,7,125,5,1504858319,400910012600F00901006465FCA4
28,7,125,5,1504858443,400910012600F209014ADF409533
28,7,125,5,1504858506,400910012600F30901BF3DFEE58B
28,7,125,5,1504858568,400910012600F40DC16B62866B66
28,7,125,5,1504858817,400910012600F809013AF379EABF
28,7,125,5,1504859191,400910012600FE09015FAA54FDBF
28,7,125,5,1504859253,400910012600FF0901ACC8A67843
28,7,125,5,1504859316,400910012600000A012F713A571D
28,7,125,5,1504859440,400910012600020A01E40823C78B
28,7,125,5,1504859502,400910012600030A015D2587C74F
28,7,125,5,1504859814,400910012600080A01590DBEDA71
28,7,125,5,1504859939,4009100126000A0A0189B6714C9A
28,7,125,5,1504860188,4009100126000E0A01FCA54A86E6
28,7,125,5,1504860437,400910012600120A01CDCA921990
28,7,125,5,1504860562,400910012600140A0133FEC4BD64
28,7,125,5,1504860624,400910012600150A01FE259126A7
28,7,125,5,1504860686,400910012600160A01FFBDE4D10E
28,7,125,5,1504860748,400910012600170A010BD30502EF
28,7,125,5,1504860811,400910012600180A01BF8ADCEE36
28,7,125,5,1504860935,4009100126001A0A012C3C376477
28,7,125,5,1504860998,4009100126001B0A013BE45BFD32
28,7,125,5,1504861060,4009100126001C0A01546C07E296
28,7,125,5,1504861122,4009100126001D0A01994A1A8717
28,7,125,5,1504861184,4009100126001E0A013011E0ED68
28,7,125,5,1504861434,400910012600220A01A370C9ACDD
28,7,125,5,1504861558,400910012600240A0189D504B207
28,7,125,5,1504861621,400910012600250A0103763C9C0D
28,7,125,5,1504861683,400910012600260A0155C0A491F4
28,7,125,5,1504861807,400910012600280A01D7C23F0934
28,7,125,5,1504861870,4009100126002900016F3760F5A4
28,7,125,5,1504862057,4009100126002C0A014E74D0CBC5
28,7,125,5,1504862181,4009100126002E0A0180E65DF37F
28,7,125,5,1504862244,4009100126002F0A016E972857F4
28,7,125,5,1504862493,400910012600330A01EA6C9DFFC4
28,7,125,5,1504862680,400910012600360A01705699519B
28,7,125,5,1504862742,400910012600370A01D4FE317218
28,7,125,5,1504862929,4009100126003A0A01069B5EFAF4
28,7,125,5,1504863240,4009100126003F0A01C7DEAF7CAA
28,7,125,5,1504863303,430910012600400A0103DD188DA6
28,7,125,5,1504863427,400910012600420A0152EB806A30
28,7,125,5,1504863490,400910012600430A013B08741E71
28,7,125,5,1504863552,400910012600440A01AA013BA149
28,7,125,5,1504863614,400910012600450A010AB8904F3A
28,7,125,5,1504863676,400910012600460A01ED9AABABF6
28,7,125,5,1504863739,400910012600470A01F8746EC7B1
28,7,125,5,1504864050,4009100126004C0A010E45311FE6
28,7,125,5,1504864112,4009100126004D0A011CA67626B3
28,7,125,5,1504864175,4009100126004E0A017E495BB813
28,7,125,5,1504864237,4009100126004F05A10064A8F62B
28,7,125,5,1504864299,400910012600500A019264994E2C
28,7,125,5,1504864549,400910012600540A01E201C48A40
28,7,125,5,1504864611,400910012600550A01B484BF328D
28,7,125,5,1504864735,400910012600570A01DAB794C28C
28,7,125,5,1504864798,400910012600580A0176CEC5F194
28,7,125,5,1504864922,4009100126005A0A0139D7F9AD81
28,7,125,5,1504864985,4009100126005B0A01C0132CA70F
28,7,125,5,1504865047,4009100126005C0A013E013AE31F
28,7,125,5,1504865109,4009100126005D0A019490239600
28,7,125,5,1504865234,4009100126005F0A013D4BEEBC71
28,7,125,5,1504865296,400910012600600A01A385CDE483
28,7,125,5,1504865421,400910012600620A01504F2D8B67
28,7,125,5,1504865545,400910012600640A01247ABC4D0A
28,7,125,5,1504865608,400910012600650A014D434D1336
28,7,125,5,1504865732,400910012600670A015837757DD8
28,7,125,5,1504865795,400910012600680A01C3A620D27E
28,7,125,5,1504865857,400910012600690A01155C5D665F
28,7,125,5,1504865919,4009100126006A0A0124C386429C
28,7,125,5,1504865981,4009100126006B0A01D5EE06AB3E
28,7,125,5,1504866044,4009100126006C0A013A8FED0B17
28,7,125,5,1504866106,4009100126006D0A01C5C0096772
28,7,125,5,1504866168,4009100126006E0A01A3335269EB
28,7,125,5,1504866231,4009100126006F0A01D7D1051A98
28,7,125,5,1504866293,400910012600700A018386251B5B
28,7,125,5,1504866417,400910012600720A01C9C90E3B0D
28,7,125,5,1504866480,400910012600730A014CE381E6B8
28,7,125,5,1504866667,400910012600760A01A6C1CFE47F
28,7,125,5,1504866729,400910012600770A018529352CC1
28,7,125,5,1504866791,400910012600780A015ABFEC8FA1
28,7,125,5,1504866854,400910012600790A012B97BAA2E6
28,7,125,5,1504866916,4009100126007A0A01753C1673C8
28,7,125,5,1504866978,4009100126007B0A01E8D4BC667D
28,7,125,5,1504867040,4009100126007C0A018F63E21F69
28,7,125,5,1504867103,4009100126007D0A0187768D8A5E
28,7,125,5,1504867165,4009100126007E0A01630F9253D4
28,7,125,5,1504867290,400910012600800A01A71F39DDFA
28,7,125,5,1504867477,400910012600830A017A50A73A5B
28,7,125,5,1504867539,400910012600840A0133DB4F3046
28,7,125,5,1504867601,400910012600850A01E477C00394
28,7,125,5,1504867726,400910012600870A01B3E241EC3D
28,7,125,5,1504867913,4009100126008A0A01E552F28F54
28,7,125,5,1504867975,4009100126008B0A0133869EFF81
28,7,125,5,1504868037,4009100126008C0A019547BDB245
28,7,125,5,1504868162,4009100126008E0A01AD2D7D116D
28,7,125,5,1504868286,400910012600900A01A225951C02
28,7,125,5,1504868349,400910012600910A01DFA4A8A163
28,7,125,5,1504868411,400910012600920A01C9CA01AF3E
28,7,125,5,1504868598,400910012600950A014DE5A7587F
28,7,125,5,1504868660,400910012600960A0163190F76BB
28,7,125,5,1504868785,400910012600980A01111B044C3D
28,7,125,5,1504868847,400910012600990A018F50E4FCC0
28,7,125,5,1504868909,4009100126009A0A01BCB5EDD0AF
28,7,125,5,1504869034,4009100126009C0A0187801CFE6E
28,7,125,5,1504869159,4009100126009E0A01D04BB89876
28,7,125,5,1504869283,400910012600A00A01B5E0159B08
28,7,125,5,1504869345,400910012600A10A0163AC08F081
28,7,125,5,1504869408,400910012600A20A010AED1D4562
28,7,125,5,1504869532,400910012600A40A015D5A9AC8E0
28,7,125,5,1504869595,400910012600A50A014B78789836
28,7,125,5,1504869657,400910012600A60A017B541520F9
28,7,125,5,1504869719,400910012600A70A0133DED9603D
28,7,125,5,1504869782,400910012600A80A018286277746
28,7,125,5,1504869844,400910012600A90A01E533666BB9
28,7,125,5,1504869906,400910012600AA0A01FFC5F26959
28,7,125,5,1504869968,400910012600AB0A017BE3C1DB90
28,7,125,5,1504870093,400910012600AD0A01FF9F7C2CFB
28,7,125,5,1504870155,400910012600AE0A016785C40D0F
28,7,125,5,1504870342,400910012600B10A0174E65A66DC
28,7,125,5,1504870405,400910012600B20A01BDC5A4E2E3
28,7,125,5,1504870529,400910012600B40A017C564753AB
28,7,125,5,1504870591,400910012600B50A0117020A7040
28,7,125,5,1504870654,400910012600B60A01E5A5E3BA29
28,7,125,5,1504870716,400910012600B70A017061A00946
28,7,125,5,1504870778,400910012600B80A0153EDD0EBB8
28,7,125,5,1504870841,400910012600B90A011CCA42D81F
28,7,125,5,1504870903,400910012600BA0A01FB30ABBAAC
28,7,125,5,1504870965,400910012600BB0A018E27C99AE5
28,7,125,5,1504871028,400910012600BC0A013A92A6C3D7
28,7,125,5,1504871090,400910012600BD0A01ED45C3FBC2
28,7,125,5,1504871152,400910012600BE0A0160D3AF750C
28,7,125,5,1504871214,400910012600BF0A01C7BE6BC2A8
28,7,125,5,1504871277,400910012600C00A01912A860F8B
28,7,125,5,1504871401,400910012600C20A0100B9105398
28,7,125,5,1504871464,400910012600C30A0104AE1DD8FD
28,7,125,5,1504871526,400910012600C40A01DF980FD042
28,7,125,5,1504871588,400910012600C50A01A21D8E65E8
28,7,125,5,1504871650,400910012600C60A01CC59439F6D
28,7,125,5,1504871713,400910012600C70A0169648C7BF8
